<?xml version="1.0" encoding="utf-8" standalone="yes"?>
<rss version="2.0" xmlns:atom="http://www.w3.org/2005/Atom">
  <channel>
    <title>Best Live Online Blackjack Australia 2025 | Top Real Money Casinos on Live Online Blackjack</title>
    <link>https://liveblackjackau.com/cookie-policy/</link>
    <description>Recent content in Best Live Online Blackjack Australia 2025 | Top Real Money Casinos on Live Online Blackjack</description>
    <generator>Hugo</generator>
    <language>en</language>
    <lastBuildDate></lastBuildDate>
    <atom:link href="https://liveblackjackau.com/cookie-policy/index.xml" rel="self" type="application/rss+xml" />
  </channel>
</rss>
