<?xml version="1.0" encoding="utf-8" standalone="yes"?>
<rss version="2.0" xmlns:atom="http://www.w3.org/2005/Atom">
  <channel>
    <title>Live Blackjack Casino Online Australia | Best Real Dealer Games on Live Online Blackjack</title>
    <link>https://liveblackjackau.com/casino/</link>
    <description>Recent content in Live Blackjack Casino Online Australia | Best Real Dealer Games on Live Online Blackjack</description>
    <generator>Hugo</generator>
    <language>en</language>
    <lastBuildDate></lastBuildDate>
    <atom:link href="https://liveblackjackau.com/casino/index.xml" rel="self" type="application/rss+xml" />
  </channel>
</rss>
