<?xml version="1.0" encoding="utf-8" standalone="yes"?>
<rss version="2.0" xmlns:atom="http://www.w3.org/2005/Atom">
  <channel>
    <title>Live Online Blackjack Dealer Australia | Real Casino Experience 2025 on Live Online Blackjack</title>
    <link>https://liveblackjackau.com/dealer/</link>
    <description>Recent content in Live Online Blackjack Dealer Australia | Real Casino Experience 2025 on Live Online Blackjack</description>
    <generator>Hugo</generator>
    <language>en</language>
    <lastBuildDate></lastBuildDate>
    <atom:link href="https://liveblackjackau.com/dealer/index.xml" rel="self" type="application/rss+xml" />
  </channel>
</rss>
